,real_pred
0,0.15981327
1,0.1706315
2,0.16354392
3,0.16867085
4,0.18936045
5,0.19817212
6,0.2170416
7,0.22209698
8,0.2113319
9,0.2174236
10,0.20949674
11,0.21563739
12,0.24398695
13,0.2535078
14,0.24404225
15,0.25763744
16,0.24764805
17,0.25388247
18,0.2806636
19,0.2732579
20,0.2672628
21,0.26563054
22,0.2624373
23,0.28638965
24,0.28537294
25,0.30211762
26,0.33215284
27,0.30135
28,0.32406828
29,0.31640917
30,0.3109225
31,0.3135776
32,0.30974224
33,0.2929665
34,0.28596726
35,0.28269333
36,0.2871874
37,0.2870938
38,0.2928167
39,0.2853587
40,0.28972515
41,0.25673562
42,0.26741204
43,0.24438104
44,0.24579324
45,0.24158952
46,0.23818035
47,0.23704691
48,0.22599384
49,0.21667187
50,0.2229406
51,0.21234648
52,0.2095252
53,0.18498006
54,0.1914712
55,0.17103606
56,0.17358989
57,0.17099126
58,0.1679561
59,0.17133532
60,0.17107354
61,0.17720595
62,0.19571275
63,0.20905727
64,0.21679889
65,0.22495167
66,0.23559704
67,0.23980129
68,0.24638274
69,0.24390315
70,0.25218663
71,0.24253695
72,0.24298224
73,0.24311753
74,0.25179154
75,0.2522301
76,0.26256195
77,0.2817481
78,0.26250184
79,0.3019062
80,0.28206083
81,0.28174347
82,0.28071478
83,0.27270755
84,0.28322443
85,0.29609907
86,0.30385524
87,0.31859556
88,0.31605887
89,0.32708082
90,0.32460585
91,0.32354647
92,0.28382078
93,0.31698918
94,0.27661648
95,0.3002827
96,0.3072703
97,0.311803
98,0.31165192
99,0.31164923
100,0.29779378
101,0.2952905
102,0.2869551
103,0.314661
104,0.30674553
105,0.32355097
106,0.32261166
107,0.32628587
108,0.3053546
109,0.30044508
110,0.2954412
111,0.26888523
112,0.27932027
113,0.27249083
114,0.27287337
115,0.26482052
116,0.27252772
117,0.26185426
118,0.23450793
119,0.23126158
120,0.21093073
121,0.20569015
122,0.20488235
123,0.19873044
124,0.21080332
125,0.20310289
126,0.20736714
127,0.19871564
128,0.20750207
129,0.19380495
130,0.21560268
131,0.20578003
132,0.21247081
133,0.2517413
134,0.23018485
135,0.2488728
136,0.23950489
137,0.23447116
138,0.23966198
139,0.23992619
140,0.23971036
141,0.24153705
142,0.23679382
143,0.22978342
144,0.24921562
145,0.23445384
146,0.2558255
147,0.24856716
148,0.21775934
149,0.22239593
150,0.20807514
151,0.21261744
152,0.21498747
153,0.21361029
154,0.21544166
155,0.22701737
156,0.22359735
157,0.23154093
158,0.24859345
159,0.22826637
160,0.23772824
161,0.21100816
162,0.24249662
163,0.24171136
164,0.27544385
165,0.29887986
166,0.30688906
167,0.34449244
168,0.338006
169,0.33801797
170,0.33215395
171,0.34732664
172,0.34017023
173,0.32810196
174,0.3315308
175,0.31828156
176,0.32207176
177,0.2948767
178,0.29016
179,0.26671025
180,0.24414262
181,0.23434961
182,0.21067373
183,0.20689727
184,0.1989182
185,0.19044039
186,0.18072645
187,0.17606483
188,0.17202383
189,0.16941214
190,0.16669744
191,0.16289786
192,0.15820703
193,0.16714841
194,0.1588347
195,0.1646169
196,0.17493409
197,0.16335851
198,0.17486826
199,0.17538881
200,0.16951315
201,0.16477416
202,0.1620128
203,0.1613281
204,0.16013776
205,0.16039069
206,0.16134764
207,0.16701967
208,0.15937658
209,0.16966656
210,0.17095481
211,0.16300151
212,0.17428538
213,0.1684649
214,0.1779476
215,0.17796144
216,0.17988536
217,0.18710633
218,0.19970618
219,0.20201333
220,0.22899549
221,0.23172373
222,0.23408364
223,0.23651373
224,0.22218215
225,0.2223423
226,0.23658538
227,0.22352383
228,0.23337945
229,0.21565975
230,0.23544255
231,0.22755362
232,0.2375635
233,0.23464255
234,0.23543264
235,0.21422626
236,0.22169678
237,0.2114059
238,0.20529436
239,0.21327503
240,0.22813182
241,0.20530736
242,0.2180784
243,0.21428844
244,0.22132044
245,0.20321831
246,0.20969534
247,0.2019354
248,0.2204645
249,0.22083996
250,0.25741696
251,0.25268146
252,0.26644522
253,0.26914817
254,0.2677705
255,0.27376524
256,0.2733834
257,0.26901272
258,0.26691502
259,0.26789623
260,0.2639856
261,0.26661423
262,0.26567167
263,0.23541029
264,0.24413182
265,0.20760813
266,0.20381133
267,0.19913916
268,0.19179343
269,0.20299198
270,0.17467336
271,0.18708831
272,0.17804033
273,0.1739808
274,0.16658594
275,0.17726451
276,0.16926901
277,0.16347413
278,0.16035229
279,0.1478718
280,0.15093271
281,0.1509597
282,0.14863837
283,0.16672282
284,0.1677802
285,0.16874354
286,0.18281108
287,0.18746985
288,0.1925667
289,0.19709823
290,0.18585971
291,0.1958697
292,0.21606168
293,0.21609636
294,0.23859504
295,0.23073058
296,0.2379015
297,0.23354608
298,0.21971427
299,0.2022058
300,0.2019532
301,0.18501866
302,0.18470384
303,0.18204324
304,0.18218373
305,0.1861167
306,0.17933568
307,0.1632287
308,0.17322591
309,0.15284823
310,0.15581232
311,0.15295455
312,0.15277797
313,0.15528454
314,0.16349299
315,0.1699241
316,0.16826107
317,0.16798104
318,0.16849211
319,0.16421093
320,0.17373927
321,0.18622945
322,0.19332273
323,0.19139825
324,0.2053862
325,0.19859838
326,0.19714253
327,0.19693184
328,0.19303857
329,0.19036457
330,0.18333799
331,0.1785365
332,0.17335342
333,0.16623019
334,0.16790877
335,0.17406929
336,0.16468093
337,0.15694435
338,0.17109916
339,0.1777321
340,0.18177332
341,0.20737407
342,0.20303844
343,0.21704562
344,0.23539186
345,0.23591031
346,0.250525
347,0.25551265
348,0.2659931
349,0.26619995
350,0.26190552
351,0.25629178
352,0.25268734
353,0.23249865
354,0.22490235
355,0.22323367
356,0.19978581
357,0.21957003
358,0.20697564
359,0.20259717
360,0.19935992
361,0.194889
362,0.19655842
363,0.20260248
364,0.23688252
365,0.22707374
366,0.24213444
367,0.24250688
368,0.24352777
369,0.26004618
370,0.26020053
371,0.26722082
372,0.2547727
373,0.25341898
374,0.23519845
375,0.23930806
376,0.23465426
377,0.2351838
378,0.22567171
379,0.20990221
380,0.20564063
381,0.22073072
382,0.22515756
383,0.23670995
384,0.22340807
385,0.22591265
386,0.2416323
387,0.23825534
388,0.24610944
389,0.24702507
390,0.2461345
391,0.24989182
392,0.24605899
393,0.24987616
394,0.23382957
395,0.23944591
396,0.2147552
397,0.20856822
398,0.21336488
399,0.1935348
400,0.204402
401,0.18499103
402,0.18579358
403,0.19470485
404,0.2094465
405,0.21045873
406,0.21302986
407,0.23713651
408,0.23502795
409,0.2507273
410,0.2549867
411,0.26097554
412,0.26091376
413,0.28850755
414,0.29649776
415,0.31111526
416,0.31192917
417,0.32652724
418,0.3294757
419,0.34621608
420,0.34870428
421,0.35509408
422,0.3317852
423,0.33539298
424,0.31515262
425,0.31930718
426,0.31156987
427,0.3331668
428,0.30267334
429,0.31594965
430,0.29353967
431,0.31495416
432,0.29971653
433,0.30758607
434,0.28469175
435,0.30057025
436,0.31518546
437,0.3416588
438,0.35335636
439,0.36844683
440,0.36490196
441,0.36998323
442,0.3591583
443,0.38528624
444,0.3742668
445,0.38943902
446,0.36641803
447,0.3981236
448,0.37239826
449,0.3772466
450,0.35790294
451,0.3279385
452,0.30046824
453,0.29052263
454,0.28967234
455,0.29711303
456,0.30129153
457,0.32943562
458,0.3239894
459,0.32445982
460,0.34569454
461,0.3660047
462,0.35234195
463,0.36606416
464,0.36173066
465,0.384006
466,0.39643934
467,0.41909963
468,0.42070666
469,0.42494208
470,0.4680344
471,0.46430004
472,0.4605134
473,0.44372362
474,0.45399743
475,0.42245263
476,0.40253305
477,0.41044247
478,0.40313694
479,0.4055024
480,0.39311728
481,0.38187626
482,0.36409542
483,0.36487636
484,0.36064523
485,0.32215166
486,0.32596138
487,0.35585716
488,0.33602712
489,0.36926994
490,0.37084728
491,0.3925038
492,0.38427117
493,0.39024895
494,0.42650336
495,0.44127274
496,0.46457884
497,0.4760229
498,0.47850975
499,0.48664618
500,0.503725
501,0.49750954
502,0.45632058
503,0.46973902
504,0.42999125
505,0.4287972
506,0.41225755
507,0.40243673
508,0.39921802
509,0.36467093
510,0.3568543
511,0.3377189
512,0.32667625
513,0.34627807
514,0.36081263
515,0.339041
516,0.36597404
517,0.37014616
518,0.41073093
519,0.40603963
520,0.4436386
521,0.45829564
522,0.48228446
523,0.52165717
524,0.53649396
525,0.5367104
526,0.54435736
527,0.545013
528,0.5263643
529,0.5216933
530,0.51574916
531,0.5175534
532,0.5386498
533,0.5340945
534,0.5438825
535,0.5470322
536,0.55763507
537,0.54509807
538,0.53769034
539,0.51754314
540,0.54921085
541,0.5548725
542,0.56713057
543,0.5758422
544,0.5594851
545,0.5675517
546,0.54896015
547,0.5139015
548,0.5220725
549,0.51652163
550,0.5010172
551,0.50236756
552,0.5110373
553,0.5061604
554,0.5185307
555,0.49069172
556,0.4791991
557,0.47034195
558,0.4551826
559,0.4551758
560,0.4498706
561,0.44944802
562,0.45603713
563,0.4562978
564,0.45896676
565,0.45699286
566,0.4426856
567,0.42459685
568,0.4055433
569,0.38508347
570,0.38705918
571,0.38997954
572,0.38813943
573,0.3911919
574,0.38129914
575,0.40691918
576,0.4152462
577,0.42287886
578,0.4011
579,0.39802012
580,0.4002648
581,0.40807703
582,0.41163218
583,0.43022063
584,0.46225747
585,0.4556037
586,0.4645626
587,0.48367506
588,0.48849946
589,0.5049178
590,0.49670184
591,0.5163993
592,0.52211326
593,0.5620428
594,0.5575116
595,0.55554277
596,0.56230956
597,0.5550656
598,0.55574363
599,0.5297257
