ts,real,fake
2013-11-01 00:00:00,391.43027333333333,757.2103448712772
2013-11-01 00:10:00,454.90963466666665,674.9085906432942
2013-11-01 00:20:00,447.25150599999995,335.70923844949345
2013-11-01 00:30:00,383.78514400000006,622.4544258772191
2013-11-01 00:40:00,372.144336,636.3212343468234
2013-11-01 00:50:00,398.938276,516.6887192295186
2013-11-01 01:00:00,407.30199,1154.478043036934
2013-11-01 01:10:00,406.904594,982.3846103829447
2013-11-01 01:20:00,352.392182,964.1717532703348
2013-11-01 01:30:00,356.1610546666667,993.5355428846635
2013-11-01 01:40:00,355.0148006666667,1238.7703573623023
2013-11-01 01:50:00,320.634084,1058.1711288406323
2013-11-01 02:00:00,320.00571133333335,335.71089747299754
2013-11-01 02:10:00,356.89899733333334,326.47435508070197
2013-11-01 02:20:00,299.11184,233.82801976478456
2013-11-01 02:30:00,301.06215933333334,243.8296319695983
2013-11-01 02:40:00,396.92787599999997,294.42416963423364
2013-11-01 02:50:00,399.3322773333333,259.9902420063572
2013-11-01 03:00:00,399.63411666666667,572.0221494657342
2013-11-01 03:10:00,404.52100533333333,439.6703543439718
2013-11-01 03:20:00,354.554994,415.23202084967005
2013-11-01 03:30:00,361.4515686666666,403.6834485222513
2013-11-01 03:40:00,414.025308,466.8307211205908
2013-11-01 03:50:00,413.7583706666666,437.7589042550042
2013-11-01 04:00:00,424.5610986666667,201.6712818776906
2013-11-01 04:10:00,413.14221799999996,106.96864004152226
2013-11-01 04:20:00,422.9764686666667,66.99251587528533
2013-11-01 04:30:00,416.456826,86.91653938155916
2013-11-01 04:40:00,489.4055660000001,135.40965219740113
2013-11-01 04:50:00,492.0309633333334,113.45819100615311
2013-11-01 05:00:00,491.65126333333336,509.48088901047703
2013-11-01 05:10:00,402.4250886666667,441.94757484344956
2013-11-01 05:20:00,404.4788,429.1826519513709
2013-11-01 05:30:00,727.781298,451.7101471793144
2013-11-01 05:40:00,724.2839919999999,512.035066006109
2013-11-01 05:50:00,720.5385006666667,454.7880549007506
2013-11-01 06:00:00,674.1370399999998,766.1890238368053
2013-11-01 06:10:00,624.5228053333333,814.5026334288864
2013-11-01 06:20:00,609.1728519999999,877.5778347426531
2013-11-01 06:30:00,600.0544646666666,853.0766011555895
2013-11-01 06:40:00,599.3179106666665,889.2635736034049
2013-11-01 06:50:00,587.493898,876.0388037948738
2013-11-01 07:00:00,588.7116719999999,1455.959832787979
2013-11-01 07:10:00,478.90570799999995,1315.1034385252153
2013-11-01 07:20:00,476.8960426666666,1222.7700552611511
2013-11-01 07:30:00,478.6850513333332,1213.776132584094
2013-11-01 07:40:00,382.2169713333333,1324.3055148477938
2013-11-01 07:50:00,443.94661866666667,1386.997465539596
2013-11-01 08:00:00,129.72189,1507.5490099232316
2013-11-01 08:10:00,194.58402933333335,1779.548550835362
2013-11-01 08:20:00,227.13584066666667,1239.2617561765442
2013-11-01 08:30:00,222.79571,1426.195859734748
2013-11-01 08:40:00,272.94388466666663,1480.7507551970616
2013-11-01 08:50:00,280.41856533333333,1595.6992254833574
2013-11-01 09:00:00,269.61151333333333,1251.7875845755136
2013-11-01 09:10:00,272.51822400000003,1258.0127889740916
2013-11-01 09:20:00,273.4564,1113.5132901034694
2013-11-01 09:30:00,282.07772133333333,1166.804396393259
2013-11-01 09:40:00,318.08434466666665,1203.3830367321455
2013-11-01 09:50:00,315.9328786666666,1074.3992409650984
2013-11-01 10:00:00,311.6036593333334,1151.4544108064551
2013-11-01 10:10:00,311.39279466666665,1037.5425071050388
2013-11-01 10:20:00,282.9427173333333,976.2387468013376
2013-11-01 10:30:00,280.61777199999995,1021.8523541761027
2013-11-01 10:40:00,214.37686799999997,992.4124650606691
2013-11-01 10:50:00,212.76904199999998,990.6185977538587
2013-11-01 11:00:00,211.90981666666664,584.7326367448441
2013-11-01 11:10:00,196.54161800000003,445.5399103737128
2013-11-01 11:20:00,190.62810133333332,406.27662474855543
2013-11-01 11:30:00,208.707312,424.4857056866085
2013-11-01 11:40:00,215.73232866666663,504.01588587254787
2013-11-01 11:50:00,212.608288,532.3579475062421
2013-11-01 12:00:00,210.97510133333333,748.8958549621465
2013-11-01 12:10:00,175.04135,606.515470282721
2013-11-01 12:20:00,174.21158266666666,561.8094129938327
2013-11-01 12:30:00,180.47324333333333,568.3317437496186
2013-11-01 12:40:00,180.52211266666666,600.6587035151315
2013-11-01 12:50:00,142.7689086666667,502.4150370869234
2013-11-01 13:00:00,238.96116866666665,960.7877645537142
2013-11-01 13:10:00,238.90657666666667,800.5680447985561
2013-11-01 13:20:00,208.38943933333334,788.4185651655238
2013-11-01 13:30:00,258.20185533333336,784.7372383090478
2013-11-01 13:40:00,221.785378,746.8131450647481
2013-11-01 13:50:00,220.2577233333333,662.1817771257414
2013-11-01 14:00:00,201.92231733333332,507.20758735616107
2013-11-01 14:10:00,345.2668166666666,393.5874176961604
2013-11-01 14:20:00,346.55028,320.373606398137
2013-11-01 14:30:00,381.114166,375.53646632468605
2013-11-01 14:40:00,382.0640333333333,455.8620051519009
2013-11-01 14:50:00,385.97920733333325,414.09193137912223
2013-11-01 15:00:00,379.61152200000004,1668.7775440757916
2013-11-01 15:10:00,381.24760266666664,1468.4600012295696
2013-11-01 15:20:00,387.81576466666667,1270.8646561784303
2013-11-01 15:30:00,284.0388413333333,1359.5210269946024
2013-11-01 15:40:00,284.02114933333337,1543.5282481661807
2013-11-01 15:50:00,282.60571466666664,1269.1361859605122
2013-11-01 16:00:00,276.91234266666663,613.4269893718231
2013-11-01 16:10:00,291.39235,564.4855699539758
2013-11-01 16:20:00,284.84416933333335,555.6942572574488
2013-11-01 16:30:00,306.4652733333333,542.4144858431231
2013-11-01 16:40:00,170.040094,670.1043279129802
2013-11-01 16:50:00,186.1331286666667,592.3240196702419
2013-11-01 17:00:00,143.1338333333333,1066.5005906124097
2013-11-01 17:10:00,148.76995533333334,1114.9798305624086
2013-11-01 17:20:00,142.82439200000002,1048.99565436275
2013-11-01 17:30:00,149.53166733333333,995.2819838159523
2013-11-01 17:40:00,149.45880266666668,1248.6393970206188
2013-11-01 17:50:00,149.53493466666666,1103.618887341561
2013-11-01 18:00:00,147.04130600000002,934.2111607249478
2013-11-01 18:10:00,187.703394,861.3654513708783
2013-11-01 18:20:00,190.0518806666667,886.8454910652897
2013-11-01 18:30:00,149.436308,819.8407962937374
2013-11-01 18:40:00,131.99927866666667,870.7401420737547
2013-11-01 18:50:00,134.62353666666667,881.9005707301654
2013-11-01 19:00:00,114.68559466666667,561.4888821428981
2013-11-01 19:10:00,97.85420133333332,384.1830891439049
2013-11-01 19:20:00,79.44220466666665,353.62575827548324
2013-11-01 19:30:00,92.71040933333332,691.536672544939
2013-11-01 19:40:00,328.1641226666667,748.04723963146
2013-11-01 19:50:00,331.72241399999996,705.2592230016949
2013-11-01 20:00:00,335.9755513333333,576.4548570224916
2013-11-01 20:10:00,334.29024,450.12188570278704
2013-11-01 20:20:00,327.92256133333336,396.9759598698529
2013-11-01 20:30:00,327.9016566666667,494.7572198545293
2013-11-01 20:40:00,288.14838066666664,539.3750638256129
2013-11-01 20:50:00,291.85057933333337,444.01669671725074
2013-11-01 21:00:00,288.3792253333333,630.9979821555024
2013-11-01 21:10:00,288.72397333333333,486.6828771471606
2013-11-01 21:20:00,286.46858,480.66317519008567
2013-11-01 21:30:00,285.42103933333334,557.2314850361041
2013-11-01 21:40:00,285.0266813333334,687.3535274132782
2013-11-01 21:50:00,295.4834386666667,679.6471430047866
2013-11-01 22:00:00,290.37935666666664,1012.7396426372687
2013-11-01 22:10:00,55.091528000000004,854.6346764864028
2013-11-01 22:20:00,51.09375,812.5565378525532
2013-11-01 22:30:00,48.88339933333334,753.3034948443186
2013-11-01 22:40:00,48.927474000000004,811.8936070132821
2013-11-01 22:50:00,48.62636266666666,565.8143719087856
2013-11-01 23:00:00,51.23971466666667,1025.2960547744917
2013-11-01 23:10:00,50.30276466666667,868.1822212563001
2013-11-01 23:20:00,45.19393,868.4198327338682
2013-11-01 23:30:00,47.994202666666666,846.1142714387586
2013-11-01 23:40:00,53.63177666666666,899.1841475830769
2013-11-01 23:50:00,52.471184,749.6042183540787
2013-11-02 00:00:00,73.76455733333334,969.045008754948
2013-11-02 00:10:00,74.08637399999999,575.7778411853808
2013-11-02 00:20:00,66.54397666666667,615.8036416172268
2013-11-02 00:30:00,84.64134066666666,729.1891436555906
2013-11-02 00:40:00,87.312452,913.1962950417541
2013-11-02 00:50:00,90.03368466666666,743.4773693136882
2013-11-02 01:00:00,81.34428,461.68142041889223
2013-11-02 01:10:00,92.86601866666666,376.04005413595326
2013-11-02 01:20:00,100.19640333333334,359.3603987413868
2013-11-02 01:30:00,98.06420933333332,325.9236327913156
2013-11-02 01:40:00,98.981324,357.7561975792912
2013-11-02 01:50:00,98.80792333333333,349.2339272418542
2013-11-02 02:00:00,105.17954066666667,881.3805839345656
2013-11-02 02:10:00,98.81643733333334,751.7181482517744
2013-11-02 02:20:00,99.55098866666667,906.5188135020072
2013-11-02 02:30:00,80.75245866666666,765.8789190093878
2013-11-02 02:40:00,81.441906,865.6345115825634
2013-11-02 02:50:00,79.69691200000001,1042.619153046516
2013-11-02 03:00:00,52.383507333333334,316.67035174390145
2013-11-02 03:10:00,42.826267333333334,223.9937881068571
2013-11-02 03:20:00,38.83932466666667,244.70268545547657
2013-11-02 03:30:00,45.043732,212.49643025870617
2013-11-02 03:40:00,37.61961733333333,381.31258078401873
2013-11-02 03:50:00,30.342450666666664,297.4550670747203
2013-11-02 04:00:00,51.773584666666665,279.54980320376285
2013-11-02 04:10:00,152.96470733333334,170.30303794842055
2013-11-02 04:20:00,156.23397599999998,133.84023392852214
2013-11-02 04:30:00,149.911298,155.202562369605
2013-11-02 04:40:00,149.96323266666664,181.042008205333
2013-11-02 04:50:00,168.19906733333335,130.76443029006234
2013-11-02 05:00:00,175.02393866666665,1312.3566377654965
2013-11-02 05:10:00,178.20666466666665,1412.6258625601417
2013-11-02 05:20:00,185.620366,1444.6246444914543
2013-11-02 05:30:00,185.44581666666667,1364.6717492347386
2013-11-02 05:40:00,188.18539533333333,1458.4165780145681
2013-11-02 05:50:00,194.19000133333333,1564.7636399436412
2013-11-02 06:00:00,190.6947573333333,674.7324644932354
2013-11-02 06:10:00,205.06342933333332,608.2428282053426
2013-11-02 06:20:00,211.2867686666667,540.5074202836188
2013-11-02 06:30:00,190.36161466666667,423.4079592003067
2013-11-02 06:40:00,89.29829733333332,539.8287036283244
2013-11-02 06:50:00,86.67996933333332,492.37082485483506
2013-11-02 07:00:00,117.76051866666667,548.1106419074409
2013-11-02 07:10:00,121.31479799999998,436.03695858726303
2013-11-02 07:20:00,103.63159266666666,441.26585065298366
2013-11-02 07:30:00,93.248204,416.9823224378788
2013-11-02 07:40:00,132.60638133333333,480.78244927745436
2013-11-02 07:50:00,137.51872199999997,467.2986356523985
2013-11-02 08:00:00,137.53976866666665,810.238678299442
2013-11-02 08:10:00,135.80150266666666,705.4829140044653
2013-11-02 08:20:00,130.401428,460.38714903700145
2013-11-02 08:30:00,130.460394,566.9219101451752
2013-11-02 08:40:00,117.58674866666665,899.5258269776581
2013-11-02 08:50:00,133.86048666666665,734.4204104303719
2013-11-02 09:00:00,134.00309933333332,816.1672065353482
2013-11-02 09:10:00,140.57388333333333,667.0641978012158
2013-11-02 09:20:00,145.12361933333335,1022.1272015887342
2013-11-02 09:30:00,118.02475,541.7331607579507
2013-11-02 09:40:00,116.88791066666666,712.3665414461314
2013-11-02 09:50:00,128.79990666666666,618.5926421898059
2013-11-02 10:00:00,128.42334733333334,848.9839285292812
2013-11-02 10:10:00,106.019278,798.5240560152117
2013-11-02 10:20:00,95.11522999999998,842.7477992027844
2013-11-02 10:30:00,95.73644733333332,861.5400619327373
2013-11-02 10:40:00,94.85463399999999,964.8394127794437
2013-11-02 10:50:00,94.666594,753.1881783358476
2013-11-02 11:00:00,96.54045066666667,164.57104821048006
2013-11-02 11:10:00,91.75249600000001,55.078320612477725
2013-11-02 11:20:00,69.20192466666666,18.648999412173282
2013-11-02 11:30:00,77.16105933333333,41.51798230123907
2013-11-02 11:40:00,86.32442933333333,53.8053419533466
2013-11-02 11:50:00,81.918636,35.602364476407715
2013-11-02 12:00:00,251.50057866666666,583.7776664282457
2013-11-02 12:10:00,251.14198266666665,499.46541151775546
2013-11-02 12:20:00,255.8210533333333,382.29912174019614
2013-11-02 12:30:00,281.5047313333333,503.1012358578976
2013-11-02 12:40:00,260.399468,554.75869346711
2013-11-02 12:50:00,269.87870066666665,501.05267828028013
2013-11-02 13:00:00,271.115742,331.2725145413973
2013-11-02 13:10:00,292.95130066666667,283.2928790917157
2013-11-02 13:20:00,294.02476666666666,258.3622855963549
2013-11-02 13:30:00,303.9476613333334,252.4986285484324
2013-11-02 13:40:00,325.7787066666667,273.251431116146
2013-11-02 13:50:00,327.09165800000005,251.70610636568944
2013-11-02 14:00:00,321.8713693333333,317.52895488082584
2013-11-02 14:10:00,308.71057866666666,254.00005223507614
2013-11-02 14:20:00,322.24622,214.84513186466896
2013-11-02 14:30:00,153.51120733333335,214.07239422681099
2013-11-02 14:40:00,151.467904,331.8535787537286
2013-11-02 14:50:00,137.43263466666667,289.72192554668857
2013-11-02 15:00:00,112.557828,396.1689642022729
2013-11-02 15:10:00,119.57112466666668,286.3058522256973
2013-11-02 15:20:00,120.87494133333333,249.04474315888564
2013-11-02 15:30:00,126.97942266666668,274.5627571838486
2013-11-02 15:40:00,118.11062733333334,331.4179126996962
2013-11-02 15:50:00,117.42207466666667,287.28579511314274
2013-11-02 16:00:00,110.55920133333333,251.21328467350895
2013-11-02 16:10:00,106.35848933333334,129.77943066893437
2013-11-02 16:20:00,167.75399933333335,116.26410616855962
2013-11-02 16:30:00,171.40895133333333,156.02996539775214
2013-11-02 16:40:00,184.99849,233.80051335775826
2013-11-02 16:50:00,175.97468333333336,187.70017529120037
2013-11-02 17:00:00,172.43383333333335,327.4121662536779
2013-11-02 17:10:00,177.1930186666667,264.5382244152147
2013-11-02 17:20:00,195.35407266666667,222.43333580863882
2013-11-02 17:30:00,198.35867266666668,210.57614968111255
2013-11-02 17:40:00,203.91948,337.556976249166
2013-11-02 17:50:00,193.45017933333332,306.1289534606259
2013-11-02 18:00:00,185.938748,312.837184162358
2013-11-02 18:10:00,173.245336,237.63067806977008
2013-11-02 18:20:00,175.42095333333333,202.24780445171885
2013-11-02 18:30:00,169.09920733333334,231.45283644784035
2013-11-02 18:40:00,158.0077586666667,261.46378810794033
2013-11-02 18:50:00,116.17406333333332,249.35584952001682
2013-11-02 19:00:00,123.90560933333333,793.8776966994261
2013-11-02 19:10:00,106.90205266666666,687.1742512061203
2013-11-02 19:20:00,101.50426399999999,756.3206687679798
2013-11-02 19:30:00,135.60536333333332,773.2317348430586
2013-11-02 19:40:00,130.84999333333334,818.9182947256779
2013-11-02 19:50:00,110.63500666666667,681.5540004086204
2013-11-02 20:00:00,108.018314,1518.8623358097232
2013-11-02 20:10:00,96.74373,1437.924256638237
2013-11-02 20:20:00,112.16107600000001,1313.0295264145375
2013-11-02 20:30:00,127.58819266666666,1350.3144991560414
2013-11-02 20:40:00,176.15837666666667,1349.1836409644325
2013-11-02 20:50:00,185.52252733333336,953.7596696142764
2013-11-02 21:00:00,245.29013399999997,801.9121505468121
2013-11-02 21:10:00,239.72414799999999,707.3612673655255
2013-11-02 21:20:00,270.5830386666667,640.2499967736502
2013-11-02 21:30:00,292.91657066666664,723.2402847207118
2013-11-02 21:40:00,339.36282866666664,908.0227138063876
2013-11-02 21:50:00,356.55015533333335,810.8922433299489
2013-11-02 22:00:00,326.10765133333337,1816.5101844033422
2013-11-02 22:10:00,335.972058,1853.639561938995
2013-11-02 22:20:00,371.18340733333326,1897.7829756305825
2013-11-02 22:30:00,417.32209800000004,2050.2143578238943
2013-11-02 22:40:00,429.89640933333334,1958.7506857425906
2013-11-02 22:50:00,456.5800753333333,1959.0721129195117
2013-11-02 23:00:00,454.626864,590.0804842209131
2013-11-02 23:10:00,436.6208466666667,603.7801361376182
2013-11-02 23:20:00,459.35903666666667,563.8567528394849
2013-11-02 23:30:00,407.41206066666666,581.8872806301648
2013-11-02 23:40:00,410.893488,865.6863667314703
2013-11-02 23:50:00,365.600288,626.4911443799234
2013-11-03 00:00:00,333.35234733333334,1313.6439777694443
2013-11-03 00:10:00,294.6870473333333,764.595826131226
2013-11-03 00:20:00,310.07446466666664,839.8613971055963
2013-11-03 00:30:00,337.80528666666663,904.2414102518654
2013-11-03 00:40:00,364.44197866666667,1004.0369220684331
2013-11-03 00:50:00,334.2837353333333,854.6875052493451
2013-11-03 01:00:00,296.6473786666666,2196.6775821276997
2013-11-03 01:10:00,307.53364266666665,2244.3622370494963
2013-11-03 01:20:00,287.8521306666667,2212.5757233427516
2013-11-03 01:30:00,286.569394,2114.931818842273
2013-11-03 01:40:00,263.258348,1881.0311521688066
2013-11-03 01:50:00,260.9003553333333,1725.851085406053
2013-11-03 02:00:00,264.166868,1034.9724704751509
2013-11-03 02:10:00,265.4324406666667,891.8451989668699
2013-11-03 02:20:00,314.7332886666666,907.9439585794249
2013-11-03 02:30:00,353.6500606666667,1004.471004096396
2013-11-03 02:40:00,352.38737000000003,1187.3122453552546
2013-11-03 02:50:00,322.6007886666667,1116.0793945385099
2013-11-03 03:00:00,408.2309973333333,1383.521779975389
2013-11-03 03:10:00,404.35441599999996,1348.8053445226801
2013-11-03 03:20:00,397.912148,1493.2129364551438
2013-11-03 03:30:00,389.50260199999997,1306.5960182972344
2013-11-03 03:40:00,376.8698173333333,1467.1480843011882
2013-11-03 03:50:00,374.0779153333333,1975.980524222522
2013-11-03 04:00:00,365.8101186666666,178.67932207510606
2013-11-03 04:10:00,372.6780953333333,75.03281621625528
2013-11-03 04:20:00,374.35376866666667,40.84402695174563
2013-11-03 04:30:00,413.40603466666664,61.971787656841315
2013-11-03 04:40:00,413.11825333333326,115.70566071836558
2013-11-03 04:50:00,397.1798073333333,89.52122720802791
2013-11-03 05:00:00,366.0755013333333,249.78899397328456
2013-11-03 05:10:00,389.5881693333333,113.85155423160467
2013-11-03 05:20:00,462.41936466666664,119.02795137593489
2013-11-03 05:30:00,376.6388613333333,107.65862920941385
2013-11-03 05:40:00,388.31778133333336,153.8357069305181
2013-11-03 05:50:00,457.81389733333333,122.119402900008
2013-11-03 06:00:00,467.24499933333334,145.64589986664228
2013-11-03 06:10:00,490.5591853333334,69.33662225553348
2013-11-03 06:20:00,477.1615433333333,28.34379387666425
2013-11-03 06:30:00,546.0764433333334,55.30521758800839
2013-11-03 06:40:00,551.280924,90.06572554129177
2013-11-03 06:50:00,533.35013,73.06110731562411
2013-11-03 07:00:00,492.1167306666667,224.2965348144297
2013-11-03 07:10:00,492.92084200000005,162.49632497658058
2013-11-03 07:20:00,496.02428266666664,133.6767612032848
2013-11-03 07:30:00,512.5148926666667,178.4714643272476
2013-11-03 07:40:00,552.6691626666667,284.052856779776
2013-11-03 07:50:00,518.702758,262.4627592175018
2013-11-03 08:00:00,490.43895533333335,190.4171620149686
2013-11-03 08:10:00,473.7967733333333,85.73755634146691
2013-11-03 08:20:00,420.40469466666667,29.461952922867567
2013-11-03 08:30:00,445.08993666666663,56.67192625695316
2013-11-03 08:40:00,420.27597799999995,89.0951716249811
2013-11-03 08:50:00,418.23275666666666,59.48848001398302
2013-11-03 09:00:00,404.344334,575.9620243716599
2013-11-03 09:10:00,395.973732,517.2934348748636
2013-11-03 09:20:00,438.602564,473.9346418530167
2013-11-03 09:30:00,499.12038,512.637302569397
2013-11-03 09:40:00,515.0611253333334,595.7461796021506
2013-11-03 09:50:00,540.1332006666667,540.308819479975
2013-11-03 10:00:00,639.4257566666668,2200.4502984439973
2013-11-03 10:10:00,580.0049,2201.709190714819
2013-11-03 10:20:00,566.356464,1845.8131496828528
2013-11-03 10:30:00,644.1805146666667,1918.557748219501
2013-11-03 10:40:00,629.2431680000001,1687.8284906704957
2013-11-03 10:50:00,640.9190560000001,1780.6530938610285
2013-11-03 11:00:00,628.4474486666666,604.3164711483989
2013-11-03 11:10:00,617.8648666666667,525.4517549529869
2013-11-03 11:20:00,642.2902826666667,402.16864407931087
2013-11-03 11:30:00,639.6731746666667,694.5360679983687
2013-11-03 11:40:00,661.9143966666667,754.7887747983428
2013-11-03 11:50:00,660.8531340000001,688.0713063018399
2013-11-03 12:00:00,591.9540726666667,359.30789134480267
2013-11-03 12:10:00,581.9359413333334,151.711952445157
2013-11-03 12:20:00,537.6677026666667,592.1140579055791
2013-11-03 12:30:00,413.2831226666667,442.0822729773649
2013-11-03 12:40:00,423.2613406666667,457.4603352077375
2013-11-03 12:50:00,471.217492,375.6302750800072
2013-11-03 13:00:00,449.24283,237.04815428706794
2013-11-03 13:10:00,457.5637986666667,131.82224557001493
2013-11-03 13:20:00,465.17171799999994,131.82327619343567
2013-11-03 13:30:00,470.0445373333333,161.04436864374327
2013-11-03 13:40:00,472.4947706666666,225.5338258726254
2013-11-03 13:50:00,474.67262066666666,180.94436030800262
2013-11-03 14:00:00,456.992414,278.82554772282424
2013-11-03 14:10:00,436.47808533333335,206.74094493403035
2013-11-03 14:20:00,388.7112226666667,199.5289159955276
2013-11-03 14:30:00,400.26338666666663,222.45061409522114
2013-11-03 14:40:00,443.52234733333336,283.91394385734054
2013-11-03 14:50:00,431.967062,254.4772091930118
2013-11-03 15:00:00,508.87227866666666,1007.8644354266667
2013-11-03 15:10:00,508.77637733333336,857.3057441370573
2013-11-03 15:20:00,481.20390199999997,871.0383358295293
2013-11-03 15:30:00,437.94191133333334,787.3939565642602
2013-11-03 15:40:00,450.6061393333333,824.6671855394128
2013-11-03 15:50:00,449.35257333333334,604.5075207482543
2013-11-03 16:00:00,433.06066466666664,982.0585201638422
2013-11-03 16:10:00,433.59992866666664,612.4410377766695
2013-11-03 16:20:00,428.592562,593.7494666109106
2013-11-03 16:30:00,442.03921533333335,688.5658548218753
2013-11-03 16:40:00,482.6572693333333,787.9718425892934
2013-11-03 16:50:00,522.6792026666667,746.9762473299976
2013-11-03 17:00:00,524.3934946666667,154.0887564878413
2013-11-03 17:10:00,477.809844,77.3028594906816
2013-11-03 17:20:00,559.83296,46.727980000099535
2013-11-03 17:30:00,489.06994,69.24514088200698
2013-11-03 17:40:00,609.5009606666666,125.19108670033395
2013-11-03 17:50:00,568.5167553333333,99.88429598880964
2013-11-03 18:00:00,552.8488846666667,568.8504713735334
2013-11-03 18:10:00,521.460112,458.99434290197775
2013-11-03 18:20:00,499.8418060000001,413.9514135335944
2013-11-03 18:30:00,515.8890046666667,460.7971773154199
2013-11-03 18:40:00,560.1036633333333,534.3804023335169
2013-11-03 18:50:00,553.294486,492.5986237210737
2013-11-03 19:00:00,517.7521506666667,728.306437822946
2013-11-03 19:10:00,464.73914466666673,464.93749703061246
2013-11-03 19:20:00,417.129214,443.68490742123583
2013-11-03 19:30:00,410.416354,525.537946251023
2013-11-03 19:40:00,546.9015346666667,671.0170886077825
2013-11-03 19:50:00,496.58418400000005,565.7184354743297
2013-11-03 20:00:00,513.8741846666667,2316.557203649239
2013-11-03 20:10:00,399.2641453333333,1958.1733012152908
2013-11-03 20:20:00,417.87704,1911.1215410465584
2013-11-03 20:30:00,485.58917333333335,1941.7167063266681
2013-11-03 20:40:00,491.07840466666664,1832.8175537242655
2013-11-03 20:50:00,516.6958173333333,1858.7689045936716
2013-11-03 21:00:00,514.7673973333333,698.4930654502442
2013-11-03 21:10:00,521.7113879999999,598.3015245383732
2013-11-03 21:20:00,499.7082593333333,349.9197513239218
2013-11-03 21:30:00,563.695348,612.0572249629607
2013-11-03 21:40:00,613.9739946666667,676.7360092929964
2013-11-03 21:50:00,636.777188,588.3890304677918
2013-11-03 22:00:00,648.0031586666666,1280.199928343057
2013-11-03 22:10:00,550.2736873333334,1196.8510974765973
2013-11-03 22:20:00,537.5337826666666,1248.3038160008557
2013-11-03 22:30:00,544.0786366666666,1203.900946390051
2013-11-03 22:40:00,522.1367866666666,1296.4236194277946
2013-11-03 22:50:00,495.207848,1017.3940396285185
2013-11-03 23:00:00,442.3266013333333,182.95241114181945
2013-11-03 23:10:00,493.5801026666667,64.47629263986938
2013-11-03 23:20:00,478.02029866666663,32.42172716337984
2013-11-03 23:30:00,505.43836333333337,62.962629392534126
2013-11-03 23:40:00,459.13036,50.4365526357321
2013-11-03 23:50:00,484.90194333333335,32.2017262910842
2013-11-04 00:00:00,423.99257666666665,270.5107239039127
2013-11-04 00:10:00,384.08888733333333,129.37955965136928
2013-11-04 00:20:00,363.15155733333336,85.74794554473539
2013-11-04 00:30:00,344.6286786666667,103.24021164821325
2013-11-04 00:40:00,305.5865973333333,160.67964014303448
2013-11-04 00:50:00,298.79544266666664,133.07424826042603
2013-11-04 01:00:00,283.69631666666663,620.3831946851191
2013-11-04 01:10:00,375.86017533333336,458.434907524181
2013-11-04 01:20:00,464.3700473333333,369.4302205019226
2013-11-04 01:30:00,449.4459606666667,435.38121024922
2013-11-04 01:40:00,425.27884400000005,485.4851881640228
2013-11-04 01:50:00,460.63070933333336,419.90009147929305
2013-11-04 02:00:00,425.52212266666663,412.3693873516743
2013-11-04 02:10:00,470.46059133333335,343.13229073810027
2013-11-04 02:20:00,446.83014333333335,406.9711613863058
2013-11-04 02:30:00,519.368026,387.9803386507215
2013-11-04 02:40:00,595.392674,441.72434598464906
2013-11-04 02:50:00,621.7419960000001,432.23573427567743
2013-11-04 03:00:00,624.2518340000001,729.6771823414622
2013-11-04 03:10:00,618.96455,461.1276892885235
2013-11-04 03:20:00,670.0588813333333,444.973930389103
2013-11-04 03:30:00,763.2183826666667,581.8072945815063
2013-11-04 03:40:00,680.6776086666666,979.4212766704679
2013-11-04 03:50:00,647.6061206666667,805.7060918548411
2013-11-04 04:00:00,708.0738786666666,785.7175438846056
2013-11-04 04:10:00,673.8872546666666,700.8630669720646
2013-11-04 04:20:00,648.239266,752.1296283671597
2013-11-04 04:30:00,656.6609900000001,774.8623275475907
2013-11-04 04:40:00,619.0414346666668,825.9112574598704
2013-11-04 04:50:00,663.0558619999999,571.2657394397245
2013-11-04 05:00:00,585.1437173333335,1813.3987491431162
2013-11-04 05:10:00,546.8530653333333,1709.5393367139047
2013-11-04 05:20:00,558.5632546666667,1734.4365525182293
2013-11-04 05:30:00,591.4783086666666,1865.2019677832038
2013-11-04 05:40:00,671.1698646666666,2223.872808574041
2013-11-04 05:50:00,634.974644,2351.78584790914
2013-11-04 06:00:00,595.394892,1361.2315152677427
2013-11-04 06:10:00,625.6190673333333,1116.5190856524216
2013-11-04 06:20:00,594.621678,890.5435828242717
2013-11-04 06:30:00,532.2490613333333,977.4290406742488
2013-11-04 06:40:00,545.7388966666666,1060.0537522162917
2013-11-04 06:50:00,534.4237686666667,1112.849214246645
2013-11-04 07:00:00,516.8887266666667,1313.5827833909807
2013-11-04 07:10:00,502.6350893333334,1231.0410211260878
2013-11-04 07:20:00,468.8943566666667,1206.0978765972425
2013-11-04 07:30:00,489.18338066666666,1220.6236281497013
2013-11-04 07:40:00,489.59965600000004,1316.4689209628457
2013-11-04 07:50:00,459.4879973333334,835.3077458978087
2013-11-04 08:00:00,434.06199,200.86676038111884
2013-11-04 08:10:00,373.45545733333336,151.59157614577146
2013-11-04 08:20:00,367.4716046666667,117.08315847570567
2013-11-04 08:30:00,307.00008866666667,124.78602490078339
2013-11-04 08:40:00,275.72977133333336,325.26162184644306
2013-11-04 08:50:00,256.57498599999997,291.8408409681183
2013-11-04 09:00:00,289.57151733333336,1048.447590834573
2013-11-04 09:10:00,280.5179866666667,851.5986238497371
2013-11-04 09:20:00,324.948736,839.7991684211455
2013-11-04 09:30:00,328.00730666666664,772.9520647594607
2013-11-04 09:40:00,352.220634,795.4397915724757
2013-11-04 09:50:00,367.68138066666666,641.3934125647004
2013-11-04 10:00:00,456.29026600000003,2123.7378243399908
2013-11-04 10:10:00,426.0653333333333,2059.4207026526897
2013-11-04 10:20:00,417.13831733333336,2306.388060238828
2013-11-04 10:30:00,432.1407613333333,2175.9025965379883
2013-11-04 10:40:00,435.85395,2015.7195799856845
2013-11-04 10:50:00,411.47368,1765.376966849333
2013-11-04 11:00:00,491.22733400000004,184.99856077124215
2013-11-04 11:10:00,584.6220553333334,89.56914354923937
2013-11-04 11:20:00,620.6787586666667,41.07943328166735
2013-11-04 11:30:00,609.8310826666667,61.33366777926295
2013-11-04 11:40:00,641.2139146666667,101.01328953146538
2013-11-04 11:50:00,589.1587153333334,77.83958711522676
2013-11-04 12:00:00,632.7156846666668,612.9049462404123
2013-11-04 12:10:00,670.4008053333332,508.2256379262387
2013-11-04 12:20:00,759.2627466666668,463.2093880369016
2013-11-04 12:30:00,710.068938,495.2620370019954
2013-11-04 12:40:00,695.1585386666667,636.9997366468293
2013-11-04 12:50:00,693.3855813333334,598.2866352993972
2013-11-04 13:00:00,671.5864166666668,2189.308851495355
2013-11-04 13:10:00,657.766108,2221.781869080168
2013-11-04 13:20:00,737.8578333333334,2292.4779739671485
2013-11-04 13:30:00,657.6954866666667,2248.353811472737
2013-11-04 13:40:00,653.9846173333333,2070.6078581731153
2013-11-04 13:50:00,621.9900946666668,2358.783118124942
2013-11-04 14:00:00,661.6810393333333,203.1676167225486
2013-11-04 14:10:00,625.8979033333333,130.30974732164506
2013-11-04 14:20:00,697.3785393333333,118.80308353631567
2013-11-04 14:30:00,674.7394879999999,137.82470008279546
2013-11-04 14:40:00,624.310094,166.51216143944274
2013-11-04 14:50:00,563.8145773333333,126.90192377307068
2013-11-04 15:00:00,503.41538133333336,504.7228351667079
2013-11-04 15:10:00,603.506508,376.5512172081159
2013-11-04 15:20:00,637.8862293333333,387.6573943358168
2013-11-04 15:30:00,644.0468026666665,370.2939242091086
2013-11-04 15:40:00,766.359698,423.7064765049836
2013-11-04 15:50:00,695.8495353333333,415.5245319267809
2013-11-04 16:00:00,721.8591566666668,1683.09295365289
2013-11-04 16:10:00,620.3166413333333,1596.9463534094007
2013-11-04 16:20:00,620.8165899999999,1380.3181681396725
2013-11-04 16:30:00,565.893274,1373.022127945636
2013-11-04 16:40:00,570.529262,1440.8311658019177
2013-11-04 16:50:00,519.008646,1223.057978620372
2013-11-04 17:00:00,498.538622,562.8420422397111
2013-11-04 17:10:00,496.428036,446.64492116858054
2013-11-04 17:20:00,448.1585186666667,405.4477453038785
2013-11-04 17:30:00,552.2233493333333,418.12224069253944
2013-11-04 17:40:00,513.212322,487.7230765027092
2013-11-04 17:50:00,481.769014,432.00398657205506
2013-11-04 18:00:00,490.66005666666666,565.6907678918051
2013-11-04 18:10:00,434.5535980000001,1145.2023777197514
2013-11-04 18:20:00,476.5261413333333,1118.600451408803
2013-11-04 18:30:00,440.41808733333335,1314.1224486151475
2013-11-04 18:40:00,449.9848013333333,1327.0282265389444
2013-11-04 18:50:00,460.712152,1064.7921642881456
2013-11-04 19:00:00,504.9185033333334,376.7492503340976
2013-11-04 19:10:00,517.537148,304.4341223020741
2013-11-04 19:20:00,518.8291993333333,254.25840898494192
2013-11-04 19:30:00,570.6832326666666,151.78972616180894
2013-11-04 19:40:00,576.0251353333333,196.61103890541963
2013-11-04 19:50:00,622.2882073333333,185.87709722408775
2013-11-04 20:00:00,550.0701026666667,1034.6574149798728
2013-11-04 20:10:00,520.8355846666667,883.5163605067734
2013-11-04 20:20:00,585.6784266666667,829.0827918933879
2013-11-04 20:30:00,567.0579666666667,631.0813440740529
2013-11-04 20:40:00,527.4560146666668,1248.3908447159422
2013-11-04 20:50:00,484.61579600000005,1120.9545719890207
2013-11-04 21:00:00,503.992568,158.7596699182804
2013-11-04 21:10:00,602.7634006666667,78.35109898409796
2013-11-04 21:20:00,613.5451833333334,41.7897443447946
2013-11-04 21:30:00,585.7769033333334,64.44021259289678
2013-11-04 21:40:00,569.1073506666667,111.4442119698151
2013-11-04 21:50:00,546.9755820000001,81.08335926189766
2013-11-04 22:00:00,554.2232866666667,1017.8958050621413
2013-11-04 22:10:00,556.5229406666666,979.4593283215288
2013-11-04 22:20:00,548.9442686666666,884.8143509694788
2013-11-04 22:30:00,510.72969,807.3656408079073
2013-11-04 22:40:00,564.024902,847.3043376290336
2013-11-04 22:50:00,548.7022566666667,1107.8714865922213
2013-11-04 23:00:00,664.4287513333333,419.2843948106667
2013-11-04 23:10:00,677.9875506666666,275.19488632639536
2013-11-04 23:20:00,738.4764706666666,216.34560139900623
2013-11-04 23:30:00,795.159164,245.03390751235077
2013-11-04 23:40:00,716.5063573333333,288.4692894401223
2013-11-04 23:50:00,733.9670606666666,261.84358944313396
2013-11-05 00:00:00,757.1101513333334,916.9752347812903
2013-11-05 00:10:00,835.870404,725.0793133643201
2013-11-05 00:20:00,839.45688,462.30455532061694
2013-11-05 00:30:00,894.3877513333334,715.5355569984079
2013-11-05 00:40:00,936.1477833333335,910.14531698137
2013-11-05 00:50:00,969.9322706666666,739.3854997224018
2013-11-05 01:00:00,991.4670406666667,600.5711348457348
2013-11-05 01:10:00,920.9387006666667,440.6970752910553
2013-11-05 01:20:00,882.8525640000001,358.24242810766873
2013-11-05 01:30:00,831.0561733333333,478.8140539947626
2013-11-05 01:40:00,794.0420940000001,571.5396948041738
2013-11-05 01:50:00,730.9243993333333,472.7201416489437
2013-11-05 02:00:00,700.64398,2207.1930247632536
2013-11-05 02:10:00,670.110458,2194.2372374179254
2013-11-05 02:20:00,636.7380566666667,2126.337654781129
2013-11-05 02:30:00,694.1583233333333,2009.3921598541676
2013-11-05 02:40:00,647.7775253333333,2041.795208965968
2013-11-05 02:50:00,654.5190786666667,1799.9782424589273
2013-11-05 03:00:00,551.7243199999999,756.927804049478
2013-11-05 03:10:00,496.7994546666667,668.3540346466327
2013-11-05 03:20:00,419.810854,735.8094280262769
2013-11-05 03:30:00,516.5220206666667,787.7562484702055
2013-11-05 03:40:00,526.7516066666666,784.7575239157779
2013-11-05 03:50:00,549.2543266666668,799.6886780557182
2013-11-05 04:00:00,507.45167666666663,1306.664120266165
2013-11-05 04:10:00,521.049488,1138.5862246708941
2013-11-05 04:20:00,660.3783586666667,1025.906850756647
2013-11-05 04:30:00,726.8379979999999,1169.8368942162442
2013-11-05 04:40:00,787.0748299999999,1133.8476748884239
2013-11-05 04:50:00,797.4977826666667,1062.1497774178424
2013-11-05 05:00:00,710.8214073333334,587.5692507552824
2013-11-05 05:10:00,728.2813166666667,405.1348213326216
2013-11-05 05:20:00,721.917858,351.56085469354224
2013-11-05 05:30:00,749.1520593333333,399.4076718136662
2013-11-05 05:40:00,921.4078266666667,461.06495878061764
2013-11-05 05:50:00,992.8335066666666,442.5008088967933
2013-11-05 06:00:00,875.2940906666666,1885.9330649087833
2013-11-05 06:10:00,905.7671193333333,1941.26674195215
2013-11-05 06:20:00,902.143468,1910.8782881540176
2013-11-05 06:30:00,925.1260913333333,2057.305377663631
2013-11-05 06:40:00,1088.0226353333333,2092.516730362332
2013-11-05 06:50:00,1060.9567033333333,1348.1590897052392
2013-11-05 07:00:00,951.8608846666667,2356.33482523241
2013-11-05 07:10:00,936.0387673333333,2212.523743923176
2013-11-05 07:20:00,961.1597786666666,1768.8431710830664
2013-11-05 07:30:00,1113.2604800000001,1782.6435024019256
2013-11-05 07:40:00,1121.4315206666665,1801.939249767469
2013-11-05 07:50:00,1157.4526846666665,1553.141330919187
2013-11-05 08:00:00,1339.6425946666668,1191.4508328750321
2013-11-05 08:10:00,1170.7970693333334,1005.3239349691579
2013-11-05 08:20:00,1200.5035773333332,987.9671490315053
2013-11-05 08:30:00,1231.5106500000002,1034.5196034051205
2013-11-05 08:40:00,1191.3313113333331,1097.6979720761476
2013-11-05 08:50:00,1187.211186,1022.4767960416324
2013-11-05 09:00:00,1180.7003666666667,244.65995103919107
2013-11-05 09:10:00,1081.5037513333334,171.10067704701362
2013-11-05 09:20:00,1026.2944766666667,157.76215146179
2013-11-05 09:30:00,1040.0302286666667,205.44101090067667
2013-11-05 09:40:00,1092.3858373333335,291.7926734327564
2013-11-05 09:50:00,1094.59548,255.01655002393312
2013-11-05 10:00:00,1106.610568,276.2391469435064
2013-11-05 10:10:00,1063.445008,130.12151057337257
2013-11-05 10:20:00,1077.075776,90.20760481196872
2013-11-05 10:30:00,902.9841966666667,110.72786394811475
2013-11-05 10:40:00,931.7649839999999,165.5557922845223
2013-11-05 10:50:00,875.3571606666666,140.52860732199878
2013-11-05 11:00:00,862.3788533333333,674.3905119847781
2013-11-05 11:10:00,859.756636,513.7299287542376
2013-11-05 11:20:00,844.9428979999999,468.64110898427555
2013-11-05 11:30:00,837.0948446666666,475.7126639717672
2013-11-05 11:40:00,777.679988,556.5910277326705
2013-11-05 11:50:00,717.4500266666666,409.8282274762654
2013-11-05 12:00:00,769.8517226666667,412.4316822985775
2013-11-05 12:10:00,742.0979046666666,263.56528471305967
2013-11-05 12:20:00,699.0481106666666,188.35383326146544
2013-11-05 12:30:00,562.0555313333333,240.18529656880057
2013-11-05 12:40:00,596.9498886666667,233.9898682552523
2013-11-05 12:50:00,542.772864,209.22938319119277
2013-11-05 13:00:00,534.3730706666666,947.0874268334735
2013-11-05 13:10:00,541.262734,755.4863567109414
2013-11-05 13:20:00,528.402774,773.5760742242696
2013-11-05 13:30:00,542.9872033333334,780.218701885382
2013-11-05 13:40:00,549.181614,730.4680128533125
2013-11-05 13:50:00,579.2557479999999,694.8223318400604
2013-11-05 14:00:00,688.1382646666667,991.1611403217332
2013-11-05 14:10:00,769.359736,822.6985422544977
2013-11-05 14:20:00,780.4181813333333,810.3136429393555
2013-11-05 14:30:00,794.939708,758.0483400954699
2013-11-05 14:40:00,854.582478,825.9054149231432
2013-11-05 14:50:00,882.3558366666667,469.3580955548761
2013-11-05 15:00:00,899.834464,1164.8297482519713
2013-11-05 15:10:00,876.2594066666667,707.0101989609004
2013-11-05 15:20:00,913.578006,1167.267788774338
2013-11-05 15:30:00,873.0477840000001,1320.2041064862956
2013-11-05 15:40:00,853.3104440000001,1456.25311398907
2013-11-05 15:50:00,868.2401153333335,1319.5270937263786
2013-11-05 16:00:00,929.8238113333333,1640.268266229539
2013-11-05 16:10:00,935.8541546666668,1526.6238737116405
2013-11-05 16:20:00,971.2540946666668,1516.2508757354562
2013-11-05 16:30:00,1087.5249893333335,1610.9394441457064
2013-11-05 16:40:00,977.7965473333334,1714.4909744039282
2013-11-05 16:50:00,1143.3600860000001,1627.1370146410281
2013-11-05 17:00:00,1099.6761686666666,625.693335747243
2013-11-05 17:10:00,1020.1730166666667,593.5937479803447
2013-11-05 17:20:00,1019.6003713333334,577.0025392757547
2013-11-05 17:30:00,1006.071984,554.1159760253585
2013-11-05 17:40:00,1066.2222193333334,665.7447173937875
2013-11-05 17:50:00,1158.1769913333333,619.7147610628698
2013-11-05 18:00:00,1193.9651333333334,602.5319597250066
2013-11-05 18:10:00,1248.8576066666667,471.15420535998663
2013-11-05 18:20:00,1227.7610739999998,393.3100902305779
2013-11-05 18:30:00,1266.870766,468.7551846315401
2013-11-05 18:40:00,1267.6797026666668,497.59902220437505
2013-11-05 18:50:00,1244.8392059999999,434.99975198699127
2013-11-05 19:00:00,1003.8474746666666,521.8167216151086
2013-11-05 19:10:00,1170.4206173333332,450.41227674922874
2013-11-05 19:20:00,1060.8202786666666,497.2715189329476
2013-11-05 19:30:00,1112.1311466666666,421.5556374632474
2013-11-05 19:40:00,1208.9326473333333,874.159555349928
2013-11-05 19:50:00,1230.3664833333335,656.2691140417589
2013-11-05 20:00:00,1191.9122533333332,1222.332711291829
2013-11-05 20:10:00,1176.2807693333334,1055.0684480731243
2013-11-05 20:20:00,1107.4495206666666,1020.770750159795
2013-11-05 20:30:00,1087.73715,906.9562748108167
2013-11-05 20:40:00,1064.3166933333332,871.2451620814672
2013-11-05 20:50:00,1233.567432,596.3400913366629
2013-11-05 21:00:00,1224.6641100000002,918.8108962275126
2013-11-05 21:10:00,1251.6743086666668,814.3090191204651
2013-11-05 21:20:00,1254.4375786666667,877.777384556458
2013-11-05 21:30:00,1265.4660446666667,946.1267663930519
2013-11-05 21:40:00,1140.94949,1012.7210754884235
2013-11-05 21:50:00,1086.049252,963.379809710654
2013-11-05 22:00:00,1100.104618,2590.5362196278843
2013-11-05 22:10:00,968.6630146666668,2564.980060692376
2013-11-05 22:20:00,1002.7694960000001,2330.534010390207
2013-11-05 22:30:00,1023.9927919999999,2339.4803883672053
2013-11-05 22:40:00,1015.174926,2330.338796303337
2013-11-05 22:50:00,957.2560106666666,2199.402060928632
2013-11-05 23:00:00,997.0119246666667,1348.357714265014
2013-11-05 23:10:00,965.2656473333334,1319.1158183705538
2013-11-05 23:20:00,782.954354,1397.1960806739346
2013-11-05 23:30:00,748.6167013333335,1393.5849196075733
2013-11-05 23:40:00,702.6363586666666,1441.8074943624094
2013-11-05 23:50:00,679.7332706666667,1613.1967994764784
2013-11-06 00:00:00,691.1267686666666,748.0757487577018
2013-11-06 00:10:00,666.9989400000001,607.1460279710333
2013-11-06 00:20:00,728.427762,452.57426738958145
2013-11-06 00:30:00,703.5380060000001,581.0439152809412
2013-11-06 00:40:00,698.2130799999999,611.3902039500132
2013-11-06 00:50:00,657.8491126666667,500.2988516647389
2013-11-06 01:00:00,704.8329733333335,1847.4189730219837
2013-11-06 01:10:00,649.9219633333333,1848.9666088851643
2013-11-06 01:20:00,747.8074606666667,1909.611078548208
2013-11-06 01:30:00,729.360072,2136.005334373688
2013-11-06 01:40:00,723.576968,2116.144868443169
2013-11-06 01:50:00,959.5961806666667,1954.2052609557165
2013-11-06 02:00:00,873.1985913333334,431.49029901497477
2013-11-06 02:10:00,868.2110033333333,329.46418690850317
2013-11-06 02:20:00,849.4122333333333,369.0262692159334
2013-11-06 02:30:00,819.1561,456.7396028271245
2013-11-06 02:40:00,852.7098306666667,533.7006040476487
2013-11-06 02:50:00,872.459942,475.981886282539
2013-11-06 03:00:00,860.0184933333333,300.7163420650995
2013-11-06 03:10:00,860.3101746666667,215.02564814462193
2013-11-06 03:20:00,837.9348759999999,186.48379777681947
2013-11-06 03:30:00,793.358102,224.36140324599128
2013-11-06 03:40:00,909.4124686666668,295.35372089171614
2013-11-06 03:50:00,860.4463286666667,273.42346341035795
2013-11-06 04:00:00,928.3132673333333,532.5171441430716
2013-11-06 04:10:00,917.4543113333333,475.4186599016059
2013-11-06 04:20:00,706.8998546666667,488.98936398865766
2013-11-06 04:30:00,705.448982,520.4182223811958
2013-11-06 04:40:00,711.8030586666667,597.6277792308372
2013-11-06 04:50:00,739.7800986666666,513.2663976258
2013-11-06 05:00:00,755.1819253333334,1938.0021398962772
2013-11-06 05:10:00,737.6345713333334,1932.2175656841
2013-11-06 05:20:00,738.9789026666666,1889.687795295484
2013-11-06 05:30:00,814.0382453333334,2126.934212019245
2013-11-06 05:40:00,805.2741920000001,1996.0543055153757
2013-11-06 05:50:00,818.1921786666667,1915.3621301567264
2013-11-06 06:00:00,923.6401913333334,771.2215699661289
2013-11-06 06:10:00,815.9805533333332,602.9569569169282
2013-11-06 06:20:00,809.2775806666667,547.9498159531552
2013-11-06 06:30:00,698.4629846666667,587.8953266211255
2013-11-06 06:40:00,867.4178073333333,607.098242460806
2013-11-06 06:50:00,936.757496,516.7607149083431
2013-11-06 07:00:00,1073.911608,215.74859811415024
2013-11-06 07:10:00,1205.5595426666666,88.61916855215526
2013-11-06 07:20:00,1216.7250293333334,54.357706839599246
2013-11-06 07:30:00,1388.2124259999998,78.19963904516203
2013-11-06 07:40:00,1373.9832106666665,142.4437994562635
2013-11-06 07:50:00,1298.7369139999998,123.99676859548919
2013-11-06 08:00:00,1256.3810139999998,1384.87734176638
2013-11-06 08:10:00,1372.479006,1536.2517703001981
2013-11-06 08:20:00,1367.4514206666668,1281.0973706482218
2013-11-06 08:30:00,1244.5689506666665,1213.0987662808575
2013-11-06 08:40:00,1246.0628106666668,1258.556508876355
2013-11-06 08:50:00,1219.0789466666668,1256.1189371749863
2013-11-06 09:00:00,1236.544408,319.6922490430943
2013-11-06 09:10:00,1088.6834853333335,148.4424722215662
2013-11-06 09:20:00,1028.5833046666667,109.0117049293184
2013-11-06 09:30:00,943.0478019999999,140.8614087747962
2013-11-06 09:40:00,822.3188800000001,182.3655358171626
2013-11-06 09:50:00,782.2914933333334,138.30447487603814
2013-11-06 10:00:00,689.6106313333333,1820.6251223453405
2013-11-06 10:10:00,670.3593466666666,1724.518812077672
2013-11-06 10:20:00,660.673398,1750.1336689351579
2013-11-06 10:30:00,618.3265953333333,1831.4125479586007
2013-11-06 10:40:00,559.8424033333334,2311.228531881934
2013-11-06 10:50:00,542.1090093333333,2402.5942022051854
2013-11-06 11:00:00,541.093582,1022.7018786737232
2013-11-06 11:10:00,533.46222,863.7219230934794
2013-11-06 11:20:00,517.0998519999999,812.2912602557659
2013-11-06 11:30:00,496.00667266666665,768.4591921412305
2013-11-06 11:40:00,472.820854,819.2609283295411
2013-11-06 11:50:00,529.812842,619.4675400604401
2013-11-06 12:00:00,500.45185399999997,225.79623834254443
2013-11-06 12:10:00,504.9509,102.36087126211474
2013-11-06 12:20:00,577.6348013333334,66.5392346667297
2013-11-06 12:30:00,519.9917386666667,76.45233286756192
2013-11-06 12:40:00,546.5414626666666,113.02199669669815
2013-11-06 12:50:00,578.2004986666667,100.3067760261506
2013-11-06 13:00:00,537.7732526666666,763.4693959123325
2013-11-06 13:10:00,490.8253066666667,588.3769686332662
2013-11-06 13:20:00,485.10636933333336,536.8368621594847
2013-11-06 13:30:00,500.36813466666666,597.0334478894912
2013-11-06 13:40:00,498.261066,698.7690577784738
2013-11-06 13:50:00,492.875846,671.8270576895404
2013-11-06 14:00:00,498.47249600000004,236.08801104329905
2013-11-06 14:10:00,534.2786333333332,77.9961389862059
2013-11-06 14:20:00,493.28065599999996,33.63603591964346
2013-11-06 14:30:00,531.045086,62.84567460177007
2013-11-06 14:40:00,561.703756,101.86806590701826
2013-11-06 14:50:00,504.37655266666667,62.942663570945015
2013-11-06 15:00:00,547.6232473333333,1022.1878641447609
2013-11-06 15:10:00,545.116226,918.1028579615474
2013-11-06 15:20:00,580.936854,917.0050240768624
2013-11-06 15:30:00,587.5283280000001,814.3572054834915
2013-11-06 15:40:00,584.3326820000001,1107.0168388614252
2013-11-06 15:50:00,622.7402366666666,1000.814510658956
2013-11-06 16:00:00,702.8886533333334,780.4101183891261
2013-11-06 16:10:00,712.1737233333333,741.8328372258345
2013-11-06 16:20:00,836.2265846666667,777.2936192585133
2013-11-06 16:30:00,867.593216,770.8649545861423
2013-11-06 16:40:00,833.395776,864.7030618310845
2013-11-06 16:50:00,828.8166153333333,757.6638135119067
2013-11-06 17:00:00,759.0948606666666,2161.167330174852
2013-11-06 17:10:00,751.0581486666667,2198.5181735838487
2013-11-06 17:20:00,862.5676339999999,2236.8453258376258
2013-11-06 17:30:00,807.3054426666665,2517.2202712322246
2013-11-06 17:40:00,808.5484393333332,2564.067775071618
2013-11-06 17:50:00,729.0819326666667,2439.686971436023
2013-11-06 18:00:00,831.3417173333332,521.6785256667245
2013-11-06 18:10:00,835.2727826666667,443.41486734339185
2013-11-06 18:20:00,850.6987586666667,362.47767628390034
2013-11-06 18:30:00,834.3975226666666,343.55296326216023
2013-11-06 18:40:00,829.86234,360.4462203006474
2013-11-06 18:50:00,712.5400733333335,311.4703976462754
2013-11-06 19:00:00,739.593664,587.5530353985888
2013-11-06 19:10:00,734.0264060000001,488.8078589323418
2013-11-06 19:20:00,686.1450686666667,396.7876953671138
2013-11-06 19:30:00,727.427454,415.63928364864324
2013-11-06 19:40:00,840.7259819999999,486.7105392167926
2013-11-06 19:50:00,707.9864353333335,452.64399970405725
2013-11-06 20:00:00,713.2149693333334,600.0564457211626
2013-11-06 20:10:00,748.6242433333334,484.3728533796289
2013-11-06 20:20:00,792.7924833333333,404.77071380780046
2013-11-06 20:30:00,679.3689526666668,447.17011948900563
2013-11-06 20:40:00,680.5294506666667,506.2251604902267
2013-11-06 20:50:00,684.094484,449.8767614854668
2013-11-06 21:00:00,791.7419699999999,906.7072514044387
2013-11-06 21:10:00,809.154302,786.4117484767377
2013-11-06 21:20:00,979.719918,784.6660524992368
2013-11-06 21:30:00,971.6869446666666,801.3505209260234
2013-11-06 21:40:00,978.6211713333335,794.6239443617983
2013-11-06 21:50:00,999.0828273333333,638.0915800474517
2013-11-06 22:00:00,991.3289146666667,913.0915348944261
2013-11-06 22:10:00,1016.692408,722.5277805084565
2013-11-06 22:20:00,1021.8674193333333,747.7490216761535
2013-11-06 22:30:00,986.1393093333334,772.2942722373538
2013-11-06 22:40:00,965.781994,740.2771876444635
2013-11-06 22:50:00,983.4750526666667,609.1048840688441
2013-11-06 23:00:00,971.9865233333333,601.447198039268
2013-11-06 23:10:00,978.0652286666667,450.8010980148787
2013-11-06 23:20:00,978.3927473333333,396.3667076963841
2013-11-06 23:30:00,798.378138,400.5372886759526
2013-11-06 23:40:00,820.58456,472.65474554322606
2013-11-06 23:50:00,687.97746,426.82881965440845
2013-11-07 00:00:00,635.8897066666667,811.7689089713937
2013-11-07 00:10:00,657.3493813333333,673.5173904924234
2013-11-07 00:20:00,640.3564113333334,325.5585121722577
2013-11-07 00:30:00,693.435078,589.155209971308
2013-11-07 00:40:00,545.0436126666667,652.353087834098
2013-11-07 00:50:00,571.4248806666667,488.19496152660344
2013-11-07 01:00:00,586.5689193333334,1163.6391881151276
2013-11-07 01:10:00,554.1767606666667,998.5698131197993
2013-11-07 01:20:00,500.16990799999996,978.6903732563
2013-11-07 01:30:00,567.3833319999999,1012.7548621274098
2013-11-07 01:40:00,554.5409653333334,1118.0915480359995
2013-11-07 01:50:00,490.49480800000003,1055.3795143646803
2013-11-07 02:00:00,468.3377166666667,320.08006442080455
2013-11-07 02:10:00,420.6110946666667,373.7170148482596
2013-11-07 02:20:00,440.512858,238.31681928902952
2013-11-07 02:30:00,464.06055399999997,260.50781676415227
2013-11-07 02:40:00,445.73896799999994,286.31836311773134
2013-11-07 02:50:00,536.9466233333334,259.8089224920594
2013-11-07 03:00:00,564.630986,165.40285033179896
2013-11-07 03:10:00,535.3793066666666,99.29228765331138
2013-11-07 03:20:00,600.262862,87.88504487206012
2013-11-07 03:30:00,649.5605266666665,114.21395057702294
2013-11-07 03:40:00,658.8512126666667,227.65311337814174
2013-11-07 03:50:00,665.4577566666666,182.98056526918623
2013-11-07 04:00:00,597.483552,816.4828729477128
2013-11-07 04:10:00,642.1452306666666,756.991679074464
2013-11-07 04:20:00,795.1592173333333,776.0837018245834
2013-11-07 04:30:00,799.9899946666667,799.0562221780264
2013-11-07 04:40:00,866.5967546666667,783.770457394714
2013-11-07 04:50:00,829.1090980000001,623.7924781931911
2013-11-07 05:00:00,836.6697499999999,949.9365886185462
2013-11-07 05:10:00,828.410032,830.6805499974761
2013-11-07 05:20:00,743.268734,816.050140580782
2013-11-07 05:30:00,631.81288,802.7078754484751
2013-11-07 05:40:00,649.427984,825.8833284508598
2013-11-07 05:50:00,601.7064833333333,456.0365415247207
2013-11-07 06:00:00,585.0749813333333,290.6417694995491
2013-11-07 06:10:00,587.547348,533.8338176781002
2013-11-07 06:20:00,595.8392833333332,471.85455494108123
2013-11-07 06:30:00,618.7677786666667,361.24787600304523
2013-11-07 06:40:00,579.5535073333333,485.68156940295296
2013-11-07 06:50:00,470.93566,416.2283366323771
2013-11-07 07:00:00,528.83499,154.35455130643248
2013-11-07 07:10:00,466.6691613333333,63.11305479055575
2013-11-07 07:20:00,449.6180426666667,27.113004715353156
2013-11-07 07:30:00,457.19571,51.271399816065724
2013-11-07 07:40:00,464.6085793333333,93.19413431861238
2013-11-07 07:50:00,476.89369,75.66250403139374
2013-11-07 08:00:00,522.8034293333333,1038.7456499072832
2013-11-07 08:10:00,561.5235066666667,1073.447536892155
2013-11-07 08:20:00,538.1707113333333,1031.4970635046282
2013-11-07 08:30:00,516.47965,1008.8255075799068
2013-11-07 08:40:00,526.1201133333333,1242.8007884025265
2013-11-07 08:50:00,512.1858453333333,1095.3690253217244
2013-11-07 09:00:00,560.8640606666667,1396.0436302075932
2013-11-07 09:10:00,646.3076593333334,1455.0315374004826
2013-11-07 09:20:00,679.5644346666667,1511.2770709971517
2013-11-07 09:30:00,637.0323566666667,1462.13907175691
2013-11-07 09:40:00,697.3168466666667,1525.8275917646886
2013-11-07 09:50:00,685.4153486666667,1770.4769824014243
2013-11-07 10:00:00,649.4187706666667,1285.310431854202
2013-11-07 10:10:00,647.7395713333334,1042.3374407608444
2013-11-07 10:20:00,640.3113873333333,911.6182183247158
2013-11-07 10:30:00,624.4202133333333,1006.9380944322547
2013-11-07 10:40:00,584.5447766666667,1085.7495329842072
2013-11-07 10:50:00,557.52439,1047.6724402556583
2013-11-07 11:00:00,540.545078,1010.1012139242739
2013-11-07 11:10:00,508.4603546666667,853.7910526982605
2013-11-07 11:20:00,520.5330466666667,864.393119574928
2013-11-07 11:30:00,571.58036,819.23320290877
2013-11-07 11:40:00,520.0352106666667,865.7109794642005
2013-11-07 11:50:00,445.9085866666667,893.2644118952552
2013-11-07 12:00:00,538.2422466666667,2235.0482877220106
2013-11-07 12:10:00,622.155192,2250.0731857921
2013-11-07 12:20:00,618.7526326666667,2261.5093102534715
2013-11-07 12:30:00,730.5606473333333,2123.809868108661
2013-11-07 12:40:00,724.0934400000001,2093.0814970678775
2013-11-07 12:50:00,756.7033026666667,1824.9613521357649
2013-11-07 13:00:00,871.4354519999999,1231.7843674358828
2013-11-07 13:10:00,878.5878113333333,1046.0274998609648
2013-11-07 13:20:00,916.3169733333333,1550.9917603645697
2013-11-07 13:30:00,948.5460526666667,1321.2194837486918
2013-11-07 13:40:00,999.2421846666667,1222.645621218872
2013-11-07 13:50:00,994.9137740000001,1238.2361342301353
2013-11-07 14:00:00,947.3549133333333,1491.8054199589267
2013-11-07 14:10:00,908.5432646666667,1497.9225196488117
2013-11-07 14:20:00,901.4209026666667,1399.5213772851296
2013-11-07 14:30:00,798.6945253333334,1554.421339299903
2013-11-07 14:40:00,741.2293060000001,1630.1949857761458
2013-11-07 14:50:00,766.2999426666667,1787.8302518957084
2013-11-07 15:00:00,658.5036266666666,1333.7982320946908
2013-11-07 15:10:00,745.9473806666666,1117.3857649587162
2013-11-07 15:20:00,732.3488066666667,1017.7005188928161
2013-11-07 15:30:00,667.5328986666667,1490.5188200700939
2013-11-07 15:40:00,644.5625486666667,1167.9668393170643
2013-11-07 15:50:00,642.8008560000001,1099.462430323926
2013-11-07 16:00:00,662.0009633333334,574.8042022266782
2013-11-07 16:10:00,700.7210466666668,434.6117730488827
2013-11-07 16:20:00,897.934756,434.8833221883721
2013-11-07 16:30:00,855.0470673333333,435.66777625526566
2013-11-07 16:40:00,852.15961,500.45957625880783
2013-11-07 16:50:00,872.159852,492.85890016453993
2013-11-07 17:00:00,882.5351126666666,267.1559949893191
2013-11-07 17:10:00,972.507542,139.9630934889633
2013-11-07 17:20:00,983.423146,108.25952018397861
2013-11-07 17:30:00,988.158352,135.06007297413018
2013-11-07 17:40:00,911.0833333333334,157.36812070672832
2013-11-07 17:50:00,888.7430206666667,112.10341814311927
2013-11-07 18:00:00,811.3682166666666,778.3407145118332
2013-11-07 18:10:00,832.6453773333334,597.3930104229099
2013-11-07 18:20:00,841.8096953333333,555.2286296443729
2013-11-07 18:30:00,837.2747860000001,580.9950570488598
2013-11-07 18:40:00,777.1662073333333,586.8631559749655
2013-11-07 18:50:00,677.9602106666666,467.0961152909677
2013-11-07 19:00:00,663.455904,865.8069300604101
2013-11-07 19:10:00,791.1899386666666,802.6761310450078
2013-11-07 19:20:00,843.0390046666668,807.8909278346622
2013-11-07 19:30:00,864.0627053333334,809.7421187613462
2013-11-07 19:40:00,767.667634,838.492926683439
2013-11-07 19:50:00,758.161972,893.6494795609385
2013-11-07 20:00:00,889.503864,1463.2809997081004
2013-11-07 20:10:00,894.5319533333334,1784.2964679651745
2013-11-07 20:20:00,885.2857273333334,1285.9850320995938
2013-11-07 20:30:00,887.033278,1392.61537704406
2013-11-07 20:40:00,886.0366033333335,1497.9962994440991
2013-11-07 20:50:00,907.142252,1933.5469174143946
2013-11-07 21:00:00,888.4766246666666,1051.9077141364373
2013-11-07 21:10:00,898.86936,1041.4488717233198
2013-11-07 21:20:00,814.604248,1198.6236506527853
2013-11-07 21:30:00,829.6468353333333,1333.0156058733878
2013-11-07 21:40:00,724.013036,1401.5689376106084
2013-11-07 21:50:00,665.198736,1367.8514015193587
2013-11-07 22:00:00,728.9819360000001,625.3679323639051
2013-11-07 22:10:00,648.9414593333333,511.54317811372493
2013-11-07 22:20:00,672.3509693333333,620.0034913207795
2013-11-07 22:30:00,597.7472840000001,738.2057444741611
2013-11-07 22:40:00,580.9822466666667,794.7622029023719
2013-11-07 22:50:00,661.8047213333333,721.6200936144189
2013-11-07 23:00:00,766.8200766666668,281.2503887370007
2013-11-07 23:10:00,754.4061473333333,120.49799815483715
2013-11-07 23:20:00,722.608656,54.994192414809646
2013-11-07 23:30:00,863.3315993333333,72.6155555880571
2013-11-07 23:40:00,886.7060033333333,104.6218405003032
2013-11-07 23:50:00,922.2515313333334,74.3692723352691
2013-11-08 00:00:00,942.9468226666667,1330.9982793248314
2013-11-08 00:10:00,966.2943206666666,1046.1682165877833
2013-11-08 00:20:00,960.8722646666666,963.0757219576853
2013-11-08 00:30:00,1112.836344,923.3081183756505
2013-11-08 00:40:00,1187.5345499999999,1017.0943712425534
2013-11-08 00:50:00,1222.35077,989.7691637827556
2013-11-08 01:00:00,1201.3072586666667,241.56051121913367
2013-11-08 01:10:00,1270.3134966666664,137.46280740540362
2013-11-08 01:20:00,1308.770938,98.14716606915144
2013-11-08 01:30:00,1386.967654,135.11967287892998
2013-11-08 01:40:00,1399.3344926666666,182.99020118569786
2013-11-08 01:50:00,1407.025008,142.2808188182251
2013-11-08 02:00:00,1262.2366766666669,1015.0254722231268
2013-11-08 02:10:00,1255.5184226666668,440.1122918490391
2013-11-08 02:20:00,1194.4626606666666,372.17763417658216
2013-11-08 02:30:00,1211.7873133333333,726.5479409173064
2013-11-08 02:40:00,1194.4285286666666,737.0594904143941
2013-11-08 02:50:00,1313.5083233333332,741.7388503025144
2013-11-08 03:00:00,1158.5685106666667,437.8598281553914
2013-11-08 03:10:00,1160.9880573333332,362.85597250202545
2013-11-08 03:20:00,1093.7852953333334,496.1410713080836
2013-11-08 03:30:00,1209.0199759999998,337.74385854346815
2013-11-08 03:40:00,1166.0875306666667,369.44796625702276
2013-11-08 03:50:00,1156.7632259999998,374.4756885389688
2013-11-08 04:00:00,1037.41616,559.1694466568624
2013-11-08 04:10:00,1115.7718786666667,476.5152893918891
2013-11-08 04:20:00,1266.77506,466.7125770478566
2013-11-08 04:30:00,1418.0332986666665,487.5360101931837
2013-11-08 04:40:00,1450.8796246666668,581.6181866277947
2013-11-08 04:50:00,1484.2601046666668,549.1806921246629
2013-11-08 05:00:00,1454.6772620000002,300.4246711913903
2013-11-08 05:10:00,1466.1855413333333,220.14513267482795
2013-11-08 05:20:00,1414.8550613333332,209.77551280171414
2013-11-08 05:30:00,1560.3325866666667,224.80516445980768
2013-11-08 05:40:00,1540.9498153333334,285.46108602780396
2013-11-08 05:50:00,1568.8107260000002,253.07388057918394
2013-11-08 06:00:00,1441.0104533333333,772.2960398302079
2013-11-08 06:10:00,1600.3628226666665,624.5425651669857
2013-11-08 06:20:00,1525.680686,544.2293388779467
2013-11-08 06:30:00,1474.1898513333333,639.6518596402398
2013-11-08 06:40:00,1378.5508639999998,613.0264111617159
2013-11-08 06:50:00,1202.4179073333332,550.2209234069365
2013-11-08 07:00:00,1048.5322986666665,790.965593793073
2013-11-08 07:10:00,1038.5886913333334,952.3357680792392
2013-11-08 07:20:00,1097.396954,897.4131422827173
2013-11-08 07:30:00,1155.4981106666667,759.8742584441071
2013-11-08 07:40:00,1164.97379,800.67196091266
2013-11-08 07:50:00,1310.0652213333335,655.3304897640612
2013-11-08 08:00:00,1298.0816753333334,1006.2071395545232
2013-11-08 08:10:00,1237.1891213333333,872.175936623265
2013-11-08 08:20:00,1359.5774133333332,804.8558899480189
2013-11-08 08:30:00,1530.1320139999998,785.8552646869308
2013-11-08 08:40:00,1425.1716953333334,746.0809335211652
2013-11-08 08:50:00,1417.52898,723.8096223738576
2013-11-08 09:00:00,1434.3489093333333,969.1139424174671
2013-11-08 09:10:00,1576.716306,844.0158512880206
2013-11-08 09:20:00,1672.1493653333334,836.6341423324377
2013-11-08 09:30:00,1770.25979,807.7668869890703
2013-11-08 09:40:00,1758.5304700000002,903.3108732347672
2013-11-08 09:50:00,1741.1784320000002,839.6420278858644
2013-11-08 10:00:00,2015.2574186666666,2189.220114509786
2013-11-08 10:10:00,2054.040534,2258.8129290759457
2013-11-08 10:20:00,1921.5967320000002,2244.534731302845
2013-11-08 10:30:00,1771.4818913333334,2490.3161189366315
2013-11-08 10:40:00,1862.5667066666667,2364.943570302994
2013-11-08 10:50:00,1745.284062,2345.5165737759353
2013-11-08 11:00:00,1559.9804166666665,846.5779482138919
2013-11-08 11:10:00,1623.5844193333332,696.9592421038647
2013-11-08 11:20:00,1668.8908333333334,685.9915751088984
2013-11-08 11:30:00,1665.0635453333334,554.954798698162
2013-11-08 11:40:00,1568.4774726666665,589.5546823263278
2013-11-08 11:50:00,1482.9949406666667,521.9382625240611
2013-11-08 12:00:00,1399.666612,891.0619980477503
2013-11-08 12:10:00,1425.7479686666666,772.8851852692402
2013-11-08 12:20:00,1440.0432059999998,792.6979354240452
2013-11-08 12:30:00,1198.8889266666667,916.5136936747297
2013-11-08 12:40:00,1173.993968,977.5062045240139
2013-11-08 12:50:00,1452.4189886666668,947.1211251230776
2013-11-08 13:00:00,1391.3908753333335,496.0842295001278
2013-11-08 13:10:00,1464.0240773333337,429.1394121657228
2013-11-08 13:20:00,1512.6026820000002,427.2928730294241
2013-11-08 13:30:00,1623.42539,504.1278457851751
2013-11-08 13:40:00,1572.448634,563.3136465074084
2013-11-08 13:50:00,1552.8326540000003,513.6885367649869
2013-11-08 14:00:00,1795.7537713333334,885.3650407103618
2013-11-08 14:10:00,1943.6565466666666,842.877626899306
2013-11-08 14:20:00,2018.036138,861.1167139494272
2013-11-08 14:30:00,2043.996684,861.8141893361682
2013-11-08 14:40:00,2033.8939820000003,1129.3509921392954
2013-11-08 14:50:00,2073.335682666667,957.7225688839103
2013-11-08 15:00:00,2197.0914993333336,611.2370026769693
2013-11-08 15:10:00,2166.3311193333334,415.55407464685453
2013-11-08 15:20:00,1841.4969833333334,356.4549114401276
2013-11-08 15:30:00,1872.9955200000002,402.00857071489406
2013-11-08 15:40:00,1765.045842,460.9489286651525
2013-11-08 15:50:00,1723.074934,415.36849091729096
2013-11-08 16:00:00,1657.3766013333334,839.9960830305605
2013-11-08 16:10:00,1601.7099606666668,591.6793511126328
2013-11-08 16:20:00,1599.2023226666668,554.5970437666176
2013-11-08 16:30:00,1410.1635706666668,524.6757619911375
2013-11-08 16:40:00,1329.5882319999998,596.3809549095527
2013-11-08 16:50:00,1279.8748193333333,542.5099951730128
2013-11-08 17:00:00,1239.0694933333334,446.3051284993598
2013-11-08 17:10:00,1371.1780793333335,263.12380226094035
2013-11-08 17:20:00,1499.7496253333334,262.16767558599247
2013-11-08 17:30:00,1334.2325979999998,233.10872993513306
2013-11-08 17:40:00,1413.670104,413.5414722549445
2013-11-08 17:50:00,1523.6317673333333,298.2698653249471
2013-11-08 18:00:00,1759.7511906666666,463.0308578352248
2013-11-08 18:10:00,1727.9957466666665,376.7010116845609
2013-11-08 18:20:00,1857.242428,389.0686163763457
2013-11-08 18:30:00,1989.292632,396.01420866305733
2013-11-08 18:40:00,2115.1734786666666,452.1250334979187
2013-11-08 18:50:00,2343.0739286666667,428.02665017623127
2013-11-08 19:00:00,2438.8994079999998,882.0307885434745
2013-11-08 19:10:00,2365.5604853333334,738.8676165535153
2013-11-08 19:20:00,2359.283214666667,559.1368374619859
2013-11-08 19:30:00,2393.3307233333335,663.2433410927362
2013-11-08 19:40:00,2279.1523153333333,658.3364039555147
2013-11-08 19:50:00,2207.927258,564.3597517619518
2013-11-08 20:00:00,2201.1546306666664,521.6246724116774
2013-11-08 20:10:00,2241.744236,374.30758131620263
2013-11-08 20:20:00,2393.754222,349.32410775012966
2013-11-08 20:30:00,2380.584926666667,439.6405145142325
2013-11-08 20:40:00,2378.7086453333336,554.6680675386039
2013-11-08 20:50:00,2405.0269419999995,502.23790918671176
2013-11-08 21:00:00,2483.5558686666673,621.2095840746966
2013-11-08 21:10:00,2406.116218666667,398.48667254395724
2013-11-08 21:20:00,2305.123466,418.75271500229746
2013-11-08 21:30:00,2180.9455,413.9354864643223
2013-11-08 21:40:00,2406.3826026666666,498.77191626032743
2013-11-08 21:50:00,2549.385329333333,685.8746726078865
2013-11-08 22:00:00,2570.820236,608.7324837393213
2013-11-08 22:10:00,2575.04519,426.17823563968966
2013-11-08 22:20:00,2455.1786153333333,386.6382728200947
2013-11-08 22:30:00,2479.4412939999997,454.5867026744467
2013-11-08 22:40:00,2409.972311333333,508.70554586311744
2013-11-08 22:50:00,2149.6848633333334,462.93799448051675
2013-11-08 23:00:00,2174.500882,725.1410681308184
2013-11-08 23:10:00,2253.8028993333332,603.2332207511251
2013-11-08 23:20:00,2158.78637,686.3381687974763
2013-11-08 23:30:00,2113.3592513333333,752.1073685140951
2013-11-08 23:40:00,2200.522732,812.3905740468184
2013-11-08 23:50:00,2206.7626126666664,822.8214728215745
2013-11-09 00:00:00,2252.573799333333,444.50292292442043
2013-11-09 00:10:00,2077.4634673333335,353.91890353627025
2013-11-09 00:20:00,1946.176232,366.10289590799476
2013-11-09 00:30:00,1935.940031333333,398.2631829276537
2013-11-09 00:40:00,1892.6678173333332,437.3034661227821
2013-11-09 00:50:00,1888.2159826666668,405.57990273431085
2013-11-09 01:00:00,1871.9635546666666,826.4118862022473
2013-11-09 01:10:00,1867.916078,690.5824292736966
2013-11-09 01:20:00,1915.8455113333332,775.7477727967132
2013-11-09 01:30:00,1928.86944,773.7849979997692
2013-11-09 01:40:00,1928.1887913333333,875.8686149202376
2013-11-09 01:50:00,1909.952182,770.3098836063857
2013-11-09 02:00:00,1815.7664006666666,608.0206980960654
2013-11-09 02:10:00,1691.0230020000001,534.8969442210052
2013-11-09 02:20:00,1588.0893913333334,620.0983999508173
2013-11-09 02:30:00,1495.3119453333334,712.8777935562943
2013-11-09 02:40:00,1534.0236506666665,804.0928960922454
2013-11-09 02:50:00,1598.4900559999999,724.550220136432
2013-11-09 03:00:00,1582.5767466666666,357.0600054064733
2013-11-09 03:10:00,1571.0897780000003,279.8432888855071
2013-11-09 03:20:00,1514.8816906666666,226.7479358048926
2013-11-09 03:30:00,1667.3578353333332,246.20510577609969
2013-11-09 03:40:00,1771.6127139999999,291.06937827917403
2013-11-09 03:50:00,1774.425342,262.9427238034963
2013-11-09 04:00:00,1595.0844573333334,926.4179913577543
2013-11-09 04:10:00,1540.9607086666667,791.1304688124926
2013-11-09 04:20:00,1620.8173646666667,773.732004018895
2013-11-09 04:30:00,1707.1162713333333,756.2240008125493
2013-11-09 04:40:00,1711.5819873333335,744.23594485428
2013-11-09 04:50:00,1791.9897993333332,616.3660875059398
2013-11-09 05:00:00,2008.5364453333334,187.20269593577436
2013-11-09 05:10:00,1975.4074026666667,107.67267374039685
2013-11-09 05:20:00,1934.1496086666666,79.1153813082586
2013-11-09 05:30:00,2062.4513620000002,101.86076116105625
2013-11-09 05:40:00,2138.0043859999996,152.51053838211834
2013-11-09 05:50:00,2206.659837333333,126.0599970297288
2013-11-09 06:00:00,2135.7434926666665,825.4401614845272
2013-11-09 06:10:00,2220.302150666667,747.1538946832346
2013-11-09 06:20:00,2306.774720666667,514.3342987171385
2013-11-09 06:30:00,2558.0563886666664,579.4023143255444
2013-11-09 06:40:00,2549.518302,633.9161351913237
2013-11-09 06:50:00,2427.6586833333336,516.2344889739772
2013-11-09 07:00:00,2448.0720319999996,755.7802907170254
2013-11-09 07:10:00,2455.5016753333334,596.9658534115785
2013-11-09 07:20:00,2453.1900779999996,571.0062884959376
2013-11-09 07:30:00,2274.6694153333333,590.8328238676168
2013-11-09 07:40:00,2249.551937333333,593.7099423675584
2013-11-09 07:50:00,2291.3794120000002,488.8645991273085
